precision,accuracy,recall,duration
0.9,0.9,0.9166666666666667,68.98669481277466
precision,accuracy,recall,duration
0.75,0.75,0.7525252525252526,74.30617237091064
