precision,accuracy,recall,duration
0.780991155991156,0.7723785166240409,0.7704452454452454,165.5475676059723
