precision,accuracy,recall,duration
0.7569095608577913,0.7828947368421053,0.77513270314223,249.06118369102478
precision,accuracy,recall,duration
0.5995381535099483,0.6644736842105263,0.6564362253683519,97.35280466079712
