precision,accuracy,recall,duration
1.0,1.0,1.0,80.08459997177124
precision,accuracy,recall,duration
0.5,0.4642857142857143,0.23214285714285715,51.65081071853638
