precision,accuracy,recall,duration
0.35,0.35,0.3351648351648352,13.599691390991211
