precision,accuracy,recall,duration
0.7333333333333334,0.7333333333333333,0.7795238095238096,79.42731833457947
precision,accuracy,recall,duration
0.8,0.8,0.8123809523809523,34.990710496902466
