precision,accuracy,recall,duration
0.2987171723513984,0.2927272727272727,0.3235135085847764,97.91437649726868
