precision,accuracy,recall,duration
0.638663967611336,0.671875,0.660233918128655,152.7774636745453
precision,accuracy,recall,duration
0.5222672064777327,0.5625,0.5265700483091788,62.35344314575195
